{"cameraMode":{"drawMode":0,"name":"Shaded","section":"Shading Mode"},"sceneLighting":true,"audioPlay":false,"sceneViewState":{"showFog":true,"showMaterialUpdate":true,"showSkybox":true,"showFlares":true,"showImageEffects":true,"showParticleSystems":true},"in2DMode":false,"pivot":{"x":536.9121704101563,"y":34.66036605834961,"z":356.3274841308594},"rotation":{"x":-0.060474056750535968,"y":0.9091900587081909,"z":-0.14152021706104279,"w":-0.3871283531188965},"size":94.52223205566406,"orthographic":false}