{"cameraMode":{"drawMode":0,"name":"Shaded","section":"Shading Mode"},"sceneLighting":true,"audioPlay":false,"sceneViewState":{"showFog":true,"showMaterialUpdate":false,"showSkybox":true,"showFlares":true,"showImageEffects":true,"showParticleSystems":true},"in2DMode":false,"pivot":{"x":550.112548828125,"y":37.53123092651367,"z":365.2018737792969},"rotation":{"x":-0.001134488033130765,"y":0.779015839099884,"z":-0.001409958815202117,"w":-0.6270014643669128},"size":50.023712158203128,"orthographic":false}